"Fecha","CaudalCuencaPaute","CaudalMol","CotaMol","CaudalMaz","CotaMaz","CaudalSop","CotaSop","CaudalMsf","CotaMsf"
"01/07/2026 00:00:00","74.31815247000002","42.107593666666666","1986.1399332666667","74.31815247000002","2150.2066666666665","136.95549976666666","1315.6859131","33.15991786666667","787.1383333333333"
