"Fecha","CaudalCuencaPaute","CaudalMol","CotaMol","CaudalMaz","CotaMaz","CaudalSop","CotaSop","CaudalMsf","CotaMsf"
"01/01/2026 00:00:00","54.07378877333334","22.429600291666663","1987.545450195833","54.07378877333334","2139.7566666666667","24.235551141666665","1316.222427375","18.081340516666668","788.8473913043478"
