"Fecha","CaudalCuencaPaute","CaudalMol","CotaMol","CaudalMaz","CotaMaz","CaudalSop","CotaSop","CaudalMsf","CotaMsf"
"01/02/2026 00:00:00","86.50807766874999","44.50058012499999","1987.3551151083332","86.50807766874999","2151.894583333334","11.494161458333336","1314.6737060458336","110.92791118333334","792.6437500000002"
