"Fecha","CaudalCuencaPaute","CaudalMol","CotaMol","CaudalMaz","CotaMaz","CaudalSop","CotaSop","CaudalMsf","CotaMsf"
"01/03/2026 00:00:00","48.38526459166666","59.488562333333306","1985.4730811708334","48.38526459166666","2152.761990154166","71.92598727500001","1315.7781728083332","58.85589436666666","791.7395833333334"
