"Fecha","CaudalCuencaPaute","CaudalMol","CotaMol","CaudalMaz","CotaMaz","CaudalSop","CotaSop","CaudalMsf","CotaMsf"
"01/05/2026 00:00:00","38.105858425","75.7596685","1980.7583008000001","38.105858425","2131.145","99.1281628","1315.86676025","27.917567599999998","787.645"
