"Fecha","CaudalCuencaPaute","CaudalMol","CotaMol","CaudalMaz","CotaMaz","CaudalSop","CotaSop","CaudalMsf","CotaMsf"
"01/06/2026 00:00:00","153.303047924","89.06007079999999","1986.13203122","153.303047924","2151.906","98.1569677","1314.6279785","66.41073703999999","792.3019999999999"
