"Fecha","EnergiaCsr","EnergiaMol","EnergiaMaz","EnergiaSop","EnergiaMsf"
"01/03/2026 00:00:00","21845.324688","9942.134664","1224.8227679999998","5282.3672559999995","5396.0"
