"Fecha","EnergiaCsr","EnergiaMol","EnergiaMaz","EnergiaSop","EnergiaMsf"
"01/02/2026 00:00:00","7425.0048369999995","1625.635873","515.299448","930.5695160000001","4353.5"
